component,weight
1,0.09006050207304565
2,0.23232631886871682
3,0.2836619730144406
4,0.2546333111147508
5,0.1393178949290463
