loglik,df,BIC
-4165.649968088414,19,-8466.938409175793
